name|bl|dp|aby|acr|alexa|dmoz|free_com|free_net|free_org|free_de|tld_reg|rdt|dropped|status|status_link
yamagearlab.info|0|0|2020|1|0|-|available|available|available|available|0|-|Today 15:33|available|https://www.expireddomains.net/goto/1/g8us8l/489/
TrueVolution.info|1|3|2013|20|0|-|registered|available|registered|registered|9|8|Today 15:33|available|https://www.expireddomains.net/goto/1/93uj4g/489/
messapi.info|18|3|2007|30|0|-|registered|available|registered|available|4|22|Today 15:33|available|https://www.expireddomains.net/goto/1/tuaey/489/
JackieDavis.info|28|13|2008|39|0|-|registered|registered|registered|available|5|18|Today 15:33|available|https://www.expireddomains.net/goto/1/trpv7/489/
BathroomRemodelIdeas.info|0|0|2009|22|0|-|registered|available|available|available|3|4|Today 15:33|available|https://www.expireddomains.net/goto/1/tkjcg/489/
dlorffe.info|0|0|-|0|0|-|available|available|available|available|0|-|Yesterday 15:40|available|https://www.expireddomains.net/goto/1/eiptxj/489/
tyven.info|0|0|2013|8|0|-|registered|registered|available|available|6|45|Yesterday 15:40|available|https://www.expireddomains.net/goto/1/3l4a1m/489/
lucruri-utile.info|8|2|-|0|0|-|available|available|available|available|1|-|Yesterday 15:40|available|https://www.expireddomains.net/goto/1/1501w6/489/
How-Do-You-Do.info|173|6|2007|51|0|Yes|registered|available|available|registered|4|2|Yesterday 15:40|registered|
icloud-secure-id.info|0|0|-|0|0|-|registered|available|available|available|1|2|Yesterday 15:40|available|https://www.expireddomains.net/goto/1/ej2x9p/489/
Hidden-Club.info|0|0|-|0|0|-|available|available|available|registered|1|-|Yesterday 15:40|available|https://www.expireddomains.net/goto/1/ej2x8b/489/
HetAsIt.info|0|0|-|0|0|-|available|available|available|available|0|-|Yesterday 15:40|available|https://www.expireddomains.net/goto/1/ej2x89/489/
gorditoka-abi.info|0|0|-|0|0|-|available|available|available|available|0|-|Yesterday 15:40|available|https://www.expireddomains.net/goto/1/ej2x6g/489/
gora-biola.info|0|0|-|0|0|-|available|available|available|available|0|-|Yesterday 15:40|available|https://www.expireddomains.net/goto/1/ej2x6f/489/
gogawpidze.info|0|0|-|0|0|-|available|available|available|available|0|-|Yesterday 15:40|available|https://www.expireddomains.net/goto/1/ej2x68/489/
ManaVista.info|0|0|-|0|0|-|registered|registered|available|available|7|10|Yesterday 15:40|available|https://www.expireddomains.net/goto/1/eipui0/489/
gdsrrn.info|0|0|-|0|0|-|available|available|available|available|0|-|Yesterday 15:40|available|https://www.expireddomains.net/goto/1/eipu50/489/
GazeTapRima.info|6|0|-|0|0|-|available|available|available|available|1|-|Yesterday 15:40|available|https://www.expireddomains.net/goto/1/eipu4y/489/
bit-lyt.info|0|0|-|0|0|-|available|available|available|available|0|-|Yesterday 15:40|available|https://www.expireddomains.net/goto/1/eiptnp/489/
bilime.info|24|0|2020|2|0|-|registered|available|available|available|2|75|Yesterday 15:40|available|https://www.expireddomains.net/goto/1/eiptnk/489/
BigAssButHolePie.info|0|0|-|0|0|-|available|available|available|available|0|-|Yesterday 15:40|available|https://www.expireddomains.net/goto/1/eiptng/489/
beyietnx.info|0|0|-|0|0|-|available|available|available|available|0|-|Yesterday 15:40|available|https://www.expireddomains.net/goto/1/eiptna/489/
1513eomaha.info|0|0|-|0|0|-|available|available|available|available|0|-|Yesterday 15:40|available|https://www.expireddomains.net/goto/1/eiptd6/489/
zdcwca.info|0|0|-|0|0|-|available|available|available|available|0|-|Yesterday 15:40|available|https://www.expireddomains.net/goto/1/eim4sr/489/
yyczih.info|0|0|-|0|0|-|available|available|available|available|0|-|Yesterday 15:40|available|https://www.expireddomains.net/goto/1/eim4sg/489/
yusmahoney.info|0|0|-|0|0|-|registered|available|available|available|1|2|Yesterday 15:40|available|https://www.expireddomains.net/goto/1/eim4sf/489/
bffzl.info|0|0|-|0|0|-|available|available|available|available|0|2|Yesterday 15:40|available|https://www.expireddomains.net/goto/1/afaw9w/489/
emvm.info|0|0|2018|1|0|-|registered|available|registered|registered|13|75|Yesterday 15:40|available|https://www.expireddomains.net/goto/1/af786w/489/
consommationcollaborative.info|5|1|2013|26|0|-|registered|available|available|available|2|2|Yesterday 15:40|available|https://www.expireddomains.net/goto/1/3ynw48/489/
gabinetpsychologa.info|0|0|2013|21|0|-|registered|available|available|available|4|-|Yesterday 15:40|available|https://www.expireddomains.net/goto/1/3yneay/489/
refractarios.info|42.3 K|0|2012|51|0|-|registered|available|registered|available|7|58|Yesterday 15:40|available|https://www.expireddomains.net/goto/1/3xn231/489/
tixtix.info|5|1|2013|25|0|-|registered|available|registered|registered|7|11|Yesterday 15:40|available|https://www.expireddomains.net/goto/1/3xmr76/489/
SkalUnai.info|55|6|2013|52|0|-|available|available|available|available|1|-|Yesterday 15:40|available|https://www.expireddomains.net/goto/1/3xfvje/489/
flovis.info|0|0|2012|2|0|-|registered|registered|available|available|4|13|Yesterday 15:40|available|https://www.expireddomains.net/goto/1/3wzndy/489/
FutureSchool.info|0|0|2013|2|0|-|registered|registered|registered|registered|56|92|Yesterday 15:40|available|https://www.expireddomains.net/goto/1/38pfiq/489/
FitForFun.info|0|0|2003|13|0|-|registered|registered|registered|registered|34|42|Yesterday 15:40|available|https://www.expireddomains.net/goto/1/37lvb7/489/
leomozg.info|0|0|-|0|0|-|available|available|available|available|0|-|Yesterday 15:40|available|https://www.expireddomains.net/goto/1/ej2xex/489/
lacckk.info|0|0|-|0|0|-|available|available|available|available|0|-|Yesterday 15:40|available|https://www.expireddomains.net/goto/1/ej2xeg/489/
lvfnldoe.info|0|0|-|0|0|-|available|available|available|available|0|-|Yesterday 15:40|available|https://www.expireddomains.net/goto/1/eipuhh/489/
inasxanw.info|0|0|-|0|0|-|available|available|available|available|0|-|Yesterday 15:40|available|https://www.expireddomains.net/goto/1/eipuat/489/
hniwdi.info|0|0|-|0|0|-|available|available|available|available|0|-|Yesterday 15:40|available|https://www.expireddomains.net/goto/1/eipu8i/489/
demaxi.info|0|0|-|0|0|-|registered|available|available|available|5|44|Yesterday 15:40|available|https://www.expireddomains.net/goto/1/eiptvk/489/
axatni.info|0|0|-|0|0|-|available|available|available|available|0|-|Yesterday 15:40|available|https://www.expireddomains.net/goto/1/eiptm3/489/
attmehouses.info|0|0|-|0|0|-|available|available|available|available|0|-|Yesterday 15:40|available|https://www.expireddomains.net/goto/1/eiptl6/489/
yktaux.info|0|0|-|0|0|-|available|available|available|available|0|-|Yesterday 15:40|available|https://www.expireddomains.net/goto/1/eim4qe/489/
yfdems.info|0|0|-|0|0|-|available|available|available|available|0|-|Yesterday 15:40|available|https://www.expireddomains.net/goto/1/eim4qb/489/
AppGeil.info|1|0|-|0|0|-|registered|registered|available|registered|3|-|Yesterday 15:40|available|https://www.expireddomains.net/goto/1/c51co6/489/
patientenbeteiligung.info|3|4|2015|16|0|-|available|available|available|registered|3|-|Yesterday 15:40|available|https://www.expireddomains.net/goto/1/5jopa6/489/
tinhaymoingay.info|13|0|2012|12|0|-|registered|registered|available|available|8|6|Yesterday 15:40|available|https://www.expireddomains.net/goto/1/3adfnn/489/
eupalyazat.info|46|1|2004|47|0|-|registered|available|available|available|2|2|Yesterday 15:40|available|https://www.expireddomains.net/goto/1/390dzm/489/
mmtm.info|33|0|2013|12|0|-|registered|registered|registered|registered|43|125|Yesterday 15:40|available|https://www.expireddomains.net/goto/1/1u3ql9/489/
shosse.info|0|0|2013|1|0|-|registered|registered|available|available|5|8|Yesterday 15:40|available|https://www.expireddomains.net/goto/1/1dbtpb/489/
deveer.info|0|0|2018|2|0|-|registered|available|registered|registered|22|91|Yesterday 15:40|registered|
atemnot.info|0|0|-|0|0|-|registered|available|registered|registered|7|6|Yesterday 15:40|available|https://www.expireddomains.net/goto/1/tlapj/489/
AboutWatches.info|43|13|2009|24|0|-|registered|registered|available|available|4|26|Yesterday 15:40|available|https://www.expireddomains.net/goto/1/tixja/489/
Absolutely-No.info|49.9 K|1|2006|40|0|-|available|available|available|available|1|2|Yesterday 15:40|available|https://www.expireddomains.net/goto/1/tixcd/489/
LetoPro.info|0|0|-|0|0|-|registered|available|available|available|1|12|Yesterday 15:40|available|https://www.expireddomains.net/goto/1/ej2xf1/489/
impotstaxe.info|0|0|-|0|0|-|available|available|available|available|0|-|Yesterday 15:40|available|https://www.expireddomains.net/goto/1/eipuar/489/
delivery-anhour.info|0|0|-|0|0|-|available|available|available|available|0|-|Yesterday 15:40|available|https://www.expireddomains.net/goto/1/eiptvg/489/
soshausgeraete.info|0|0|2012|18|0|-|available|available|available|available|0|-|Yesterday 15:40|available|https://www.expireddomains.net/goto/1/5jop6c/489/
EssentialOilHealth.info|0|0|2016|6|0|-|registered|registered|registered|available|3|10|Yesterday 15:40|available|https://www.expireddomains.net/goto/1/5ji9yq/489/
sziciliautazas.info|67|9|2011|37|0|-|available|available|available|available|1|-|Yesterday 15:40|available|https://www.expireddomains.net/goto/1/23ggjk/489/
achefshelp.info|63.3 K|2|2004|146|0|-|registered|available|available|available|1|2|Yesterday 15:40|available|https://www.expireddomains.net/goto/1/tj2vw/489/
knigi23.info|0|0|-|0|0|-|available|available|available|available|0|-|Yesterday 15:39|available|https://www.expireddomains.net/goto/1/ej2xe1/489/
xemksh.info|0|0|-|0|0|-|available|available|available|available|0|-|Yesterday 15:39|available|https://www.expireddomains.net/goto/1/eipvgk/489/
xdldd.info|0|0|-|0|0|-|registered|available|available|available|2|3|Yesterday 15:39|available|https://www.expireddomains.net/goto/1/eipvgj/489/
mthaxo.info|0|0|-|0|0|-|available|available|available|available|0|-|Yesterday 15:39|available|https://www.expireddomains.net/goto/1/eipumb/489/
ListingsListings31257.info|0|0|-|0|0|-|available|available|available|available|0|-|Yesterday 15:39|available|https://www.expireddomains.net/goto/1/eipugg/489/
linwwrx.info|0|0|-|0|0|-|available|available|available|available|0|-|Yesterday 15:39|available|https://www.expireddomains.net/goto/1/eipuge/489/
kwulxr.info|0|0|-|0|0|-|available|available|available|available|0|-|Yesterday 15:39|available|https://www.expireddomains.net/goto/1/eipuf7/489/
icugawc.info|0|0|-|0|0|-|available|available|available|available|0|-|Yesterday 15:39|available|https://www.expireddomains.net/goto/1/eipu9y/489/
eissl.info|0|0|-|0|0|-|registered|available|available|available|1|160|Yesterday 15:39|available|https://www.expireddomains.net/goto/1/eiptzf/489/
eicewtf.info|0|0|-|0|0|-|available|available|available|available|0|-|Yesterday 15:39|available|https://www.expireddomains.net/goto/1/eiptz9/489/
ClassAction-Funds.info|0|0|-|0|0|-|available|available|available|available|0|-|Yesterday 15:39|available|https://www.expireddomains.net/goto/1/eiptsc/489/
AboutTo-Go.info|0|0|-|0|0|-|available|available|available|available|0|-|Yesterday 15:39|available|https://www.expireddomains.net/goto/1/eipth8/489/
825000995b92.info|0|0|-|0|0|-|available|available|available|available|0|-|Yesterday 15:39|available|https://www.expireddomains.net/goto/1/eiptge/489/
05b36089fe3b.info|0|0|-|0|0|-|available|available|available|available|0|-|Yesterday 15:39|available|https://www.expireddomains.net/goto/1/eiptcp/489/
fotomessage.info|0|0|2003|31|0|-|registered|available|available|available|1|3|Yesterday 15:39|available|https://www.expireddomains.net/goto/1/c5hkl4/489/
pasdeprobleme.info|5|0|2012|22|0|-|registered|available|registered|available|6|7|Yesterday 15:39|available|https://www.expireddomains.net/goto/1/4pntqf/489/
studiumfinanzierung.info|0|0|2011|27|0|-|available|available|available|registered|2|-|Yesterday 15:39|available|https://www.expireddomains.net/goto/1/2e7lik/489/
Best-Fat-Burner-Guide.info|0|3|2012|13|0|-|available|available|available|available|0|-|Yesterday 15:39|available|https://www.expireddomains.net/goto/1/212zkd/489/
BoogieStomp.info|12|2|2011|27|0|-|registered|available|available|available|1|2|Yesterday 15:39|available|https://www.expireddomains.net/goto/1/1uk7ck/489/
pr-tipy.info|63|65|2011|71|0|-|available|available|available|available|0|-|Yesterday 15:39|available|https://www.expireddomains.net/goto/1/1uagjo/489/
purstyle.info|10|3|2006|17|0|-|registered|registered|available|registered|4|9|Yesterday 15:39|available|https://www.expireddomains.net/goto/1/tz203/489/
LifeInside.info|2|1|2007|7|0|-|registered|registered|registered|available|18|83|Yesterday 15:39|available|https://www.expireddomains.net/goto/1/ttpsm/489/
m-heal.info|18|9|2013|31|0|-|registered|available|available|available|1|35|Yesterday 15:39|available|https://www.expireddomains.net/goto/1/ttig2/489/
xihaqgi.info|0|0|-|0|0|-|available|available|available|available|0|-|Yesterday 15:39|available|https://www.expireddomains.net/goto/1/ej2y8o/489/
BitClinic.info|0|0|-|0|0|-|registered|registered|registered|registered|7|18|Yesterday 15:39|available|https://www.expireddomains.net/goto/1/eix7y9/489/
bilabon.info|0|0|-|0|0|-|registered|registered|available|available|3|9|Yesterday 15:39|available|https://www.expireddomains.net/goto/1/eix7xx/489/
italianainvestigatori.info|0|0|-|0|0|-|registered|registered|available|available|3|2|Yesterday 15:39|available|https://www.expireddomains.net/goto/1/eitsi4/489/
ptlmuse.info|0|0|-|0|0|-|available|available|available|available|0|-|Yesterday 15:39|available|https://www.expireddomains.net/goto/1/eipuw6/489/
liddnenf.info|0|0|-|0|0|-|available|available|available|available|0|-|Yesterday 15:39|available|https://www.expireddomains.net/goto/1/eipuga/489/
lawrosaidyes.info|0|0|-|0|0|-|available|available|available|available|0|-|Yesterday 15:39|available|https://www.expireddomains.net/goto/1/eipufp/489/
larnhim.info|0|0|-|0|0|-|available|available|available|available|0|-|Yesterday 15:39|available|https://www.expireddomains.net/goto/1/eipufi/489/
kniprt.info|0|0|-|0|0|-|available|available|available|available|0|-|Yesterday 15:39|available|https://www.expireddomains.net/goto/1/eipuef/489/
Identify-Owner.info|0|0|-|0|0|-|available|available|available|available|0|-|Yesterday 15:39|available|https://www.expireddomains.net/goto/1/eipua0/489/
FoundMoney4-You.info|0|0|-|0|0|-|available|available|available|available|0|-|Yesterday 15:39|available|https://www.expireddomains.net/goto/1/eipu3e/489/
eilugpa.info|0|0|-|0|0|-|available|available|available|available|0|-|Yesterday 15:39|available|https://www.expireddomains.net/goto/1/eiptzd/489/
84fd245ad570.info|0|0|-|0|0|-|available|available|available|available|0|-|Yesterday 15:39|available|https://www.expireddomains.net/goto/1/eiptgf/489/
09a0e52725b2.info|0|0|-|0|0|-|available|available|available|available|0|-|Yesterday 15:39|available|https://www.expireddomains.net/goto/1/eiptcq/489/
zstzsy.info|0|0|-|0|0|-|available|available|available|available|0|-|Yesterday 15:39|available|https://www.expireddomains.net/goto/1/eim4sy/489/
rzeceu.info|0|0|-|0|0|-|available|available|available|available|0|-|Yesterday 15:39|available|https://www.expireddomains.net/goto/1/eim46w/489/
kosuke1003.info|0|0|-|0|0|-|registered|registered|available|available|2|2|Yesterday 15:39|available|https://www.expireddomains.net/goto/1/d37dfn/489/
AfricaSex.info|0|0|2004|20|0|-|registered|available|available|available|2|19|Yesterday 15:39|available|https://www.expireddomains.net/goto/1/c4zrc2/489/
Saigon-Gateway.info|0|0|-|0|0|-|available|registered|available|available|1|-|Yesterday 15:39|available|https://www.expireddomains.net/goto/1/adz5af/489/
HelicopterSale.info|3|5|2017|10|0|-|registered|available|available|available|2|4|Yesterday 15:39|available|https://www.expireddomains.net/goto/1/8xgy7s/489/
lenkaranxeber.info|11|0|2015|18|0|-|available|available|available|available|0|-|Yesterday 15:39|available|https://www.expireddomains.net/goto/1/4polqs/489/
debonoconsulting.info|6|9|2008|23|0|-|registered|registered|registered|available|5|6|Yesterday 15:39|available|https://www.expireddomains.net/goto/1/2g9j56/489/
BlockScape.info|638|529|2012|41|0|-|registered|registered|available|available|9|7|Yesterday 15:39|available|https://www.expireddomains.net/goto/1/2djlnl/489/
DickBauer.info|17|2|2003|35|0|-|registered|registered|available|registered|9|10|Yesterday 15:39|available|https://www.expireddomains.net/goto/1/1v0rt7/489/
med-apteka.info|0|0|-|0|0|-|registered|registered|available|available|4|4|Yesterday 15:39|available|https://www.expireddomains.net/goto/1/1jz3uu/489/
bloeddrukmeters.info|11|4|2008|28|0|-|registered|registered|available|available|7|4|Yesterday 15:39|available|https://www.expireddomains.net/goto/1/w3xhs/489/
LifeCoachingGlasgow.info|7|1|2011|33|0|-|available|available|available|available|0|-|Yesterday 15:39|available|https://www.expireddomains.net/goto/1/ttpve/489/
ChamSoClan.info|0|0|-|0|0|-|registered|available|available|available|1|4|Yesterday 15:39|available|https://www.expireddomains.net/goto/1/ejkb0i/489/
yashapro.info|0|0|-|0|0|-|available|available|available|available|0|-|Yesterday 15:39|available|https://www.expireddomains.net/goto/1/ej2y9c/489/
justcasee.info|0|0|-|0|0|-|registered|available|available|available|3|2|Yesterday 15:39|available|https://www.expireddomains.net/goto/1/ej2xco/489/
opostal3.info|0|0|-|0|0|-|registered|available|available|available|2|1|Yesterday 15:39|available|https://www.expireddomains.net/goto/1/eitsx0/489/
ywjjr.info|0|0|-|0|0|-|available|available|available|available|0|-|Yesterday 15:39|available|https://www.expireddomains.net/goto/1/eipvid/489/
master-gift-card1k.info|0|0|-|0|0|-|available|available|available|available|0|-|Yesterday 15:39|available|https://www.expireddomains.net/goto/1/eipuif/489/
lnghca.info|0|0|-|0|0|-|available|available|available|available|0|-|Yesterday 15:39|available|https://www.expireddomains.net/goto/1/eipugn/489/
lldtutx.info|0|0|-|0|0|-|available|available|available|available|0|-|Yesterday 15:39|available|https://www.expireddomains.net/goto/1/eipugm/489/
lcitfx.info|0|0|-|0|0|-|available|available|available|available|0|-|Yesterday 15:39|available|https://www.expireddomains.net/goto/1/eipufz/489/
iehtuaih.info|0|0|-|0|0|-|available|available|available|available|0|-|Yesterday 15:39|available|https://www.expireddomains.net/goto/1/eipua2/489/
hdmeaift.info|0|0|-|0|0|-|available|available|available|available|0|-|Yesterday 15:39|available|https://www.expireddomains.net/goto/1/eipu7c/489/
fqirxj.info|0|0|-|0|0|-|available|available|available|available|0|-|Yesterday 15:39|available|https://www.expireddomains.net/goto/1/eipu3k/489/
bssyenh.info|0|0|-|0|0|-|available|available|available|available|0|-|Yesterday 15:39|available|https://www.expireddomains.net/goto/1/eiptox/489/
0bdd267a939f.info|0|0|-|0|0|-|available|available|available|available|0|-|Yesterday 15:39|available|https://www.expireddomains.net/goto/1/eiptcr/489/
River3151006.info|0|0|-|0|0|-|available|available|available|available|0|-|Yesterday 15:39|available|https://www.expireddomains.net/goto/1/eim467/489/
riyocchi.info|1|0|2018|2|0|-|available|available|available|available|0|-|Yesterday 15:39|available|https://www.expireddomains.net/goto/1/c68iau/489/
AliveToStrive.info|9|1|2017|7|0|-|registered|available|available|available|2|2|Yesterday 15:39|available|https://www.expireddomains.net/goto/1/aelku3/489/
avansat.info|0|0|-|0|0|-|registered|available|available|available|7|5|Yesterday 15:39|available|https://www.expireddomains.net/goto/1/9qemc1/489/
lebo.info|2|0|2013|10|0|-|registered|registered|registered|registered|91|6.6 K|Yesterday 15:39|registered|
Burger-Queen.info|117|7|2011|34|0|-|available|available|available|available|1|1|Yesterday 15:39|available|https://www.expireddomains.net/goto/1/1v0sl8/489/
cdc-dcc.info|168|4|2013|16|0|-|registered|registered|registered|available|5|6|Yesterday 15:39|available|https://www.expireddomains.net/goto/1/1v0scf/489/
Interphone.info|0|0|2013|24|0|-|registered|registered|registered|registered|47|72|Yesterday 15:39|available|https://www.expireddomains.net/goto/1/1itcgx/489/
Trite.info|0|0|2013|9|0|-|registered|registered|registered|registered|22|1.9 K|Yesterday 15:39|available|https://www.expireddomains.net/goto/1/1046st/489/
TiramisuSecrets.info|0|0|2007|14|0|-|available|available|available|available|0|-|Yesterday 15:39|available|https://www.expireddomains.net/goto/1/u1axl/489/
GoHotels.info|5|2|2004|179|0|-|registered|registered|registered|registered|45|210|Yesterday 15:39|available|https://www.expireddomains.net/goto/1/tq12a/489/
gieseler.info|7|4|2003|30|0|-|registered|registered|registered|registered|12|27|Yesterday 15:39|available|https://www.expireddomains.net/goto/1/tpwvn/489/
xtzohgu.info|0|0|-|0|0|-|available|available|available|available|0|-|Yesterday 15:39|available|https://www.expireddomains.net/goto/1/ej2y96/489/
JustYouReg.info|0|0|-|0|0|-|available|available|available|available|0|-|Yesterday 15:39|available|https://www.expireddomains.net/goto/1/ej2xcp/489/
yuashxcd.info|0|0|-|0|0|-|available|available|available|available|0|-|Yesterday 15:39|available|https://www.expireddomains.net/goto/1/eipvia/489/
ytffu.info|0|0|-|0|0|-|available|available|available|available|0|-|Yesterday 15:39|available|https://www.expireddomains.net/goto/1/eipvi9/489/
mailz-mangment.info|0|0|-|0|0|-|available|available|available|available|0|-|Yesterday 15:39|available|https://www.expireddomains.net/goto/1/eipuhq/489/
itxtggxc.info|0|0|-|0|0|-|available|available|available|available|0|-|Yesterday 15:39|available|https://www.expireddomains.net/goto/1/eipucc/489/
HiRedsZones.info|0|0|-|0|0|-|available|available|available|available|0|-|Yesterday 15:39|available|https://www.expireddomains.net/goto/1/eipu89/489/
FreeMyEverest.info|0|0|-|0|0|-|available|available|available|available|0|-|Yesterday 15:39|available|https://www.expireddomains.net/goto/1/eipu3u/489/
foundmoney4u.info|0|0|-|0|0|-|registered|available|registered|available|2|6|Yesterday 15:39|available|https://www.expireddomains.net/goto/1/eipu3f/489/
cvfbeol.info|0|0|-|0|0|-|available|available|available|available|0|-|Yesterday 15:39|available|https://www.expireddomains.net/goto/1/eiptuy/489/
crnolaut.info|0|0|-|0|0|-|available|available|available|available|0|-|Yesterday 15:39|available|https://www.expireddomains.net/goto/1/eiptuh/489/
classsactionfunds.info|0|0|-|0|0|-|available|available|available|available|0|-|Yesterday 15:39|available|https://www.expireddomains.net/goto/1/eiptsn/489/
12-Fido-Ref988769.info|0|0|-|0|0|-|available|available|available|available|0|-|Yesterday 15:39|available|https://www.expireddomains.net/goto/1/eiptcw/489/
111737722d30.info|0|0|-|0|0|-|available|available|available|available|0|-|Yesterday 15:39|available|https://www.expireddomains.net/goto/1/eiptcu/489/
Rich-Collection.info|0|0|-|0|0|-|registered|available|available|available|1|3|Yesterday 15:39|available|https://www.expireddomains.net/goto/1/eim460/489/
romaniconorte.info|0|0|-|0|0|-|registered|registered|registered|available|3|4|Yesterday 15:39|available|https://www.expireddomains.net/goto/1/c68tjl/489/
Rober-JetMan.info|1|0|2018|2|0|-|available|available|available|available|0|-|Yesterday 15:39|available|https://www.expireddomains.net/goto/1/c68n8t/489/
TheRighteousAnswer.info|0|0|2018|2|0|-|registered|registered|available|available|2|-|Yesterday 15:39|available|https://www.expireddomains.net/goto/1/aeouit/489/
RepublicOfNepal.info|0|0|2009|1|0|-|registered|available|available|available|1|3|Yesterday 15:39|available|https://www.expireddomains.net/goto/1/9p7pim/489/
fd456.info|0|59|2015|16|0|-|registered|registered|available|available|5|9|Yesterday 15:39|available|https://www.expireddomains.net/goto/1/5cu18u/489/
AlgeriaHost.info|0|0|-|0|0|-|registered|registered|available|available|2|5|Yesterday 15:39|available|https://www.expireddomains.net/goto/1/4558sh/489/
oogiri.info|46.6 K|2|2013|15|0|-|registered|registered|registered|available|10|22|Yesterday 15:39|available|https://www.expireddomains.net/goto/1/2d1hx6/489/
vseproremont.info|0|0|-|0|0|-|registered|available|available|available|3|2|Yesterday 15:39|available|https://www.expireddomains.net/goto/1/1ou4i2/489/
mtfive.info|0|0|-|0|0|-|registered|available|available|available|3|5|Yesterday 15:39|available|https://www.expireddomains.net/goto/1/1ivqai/489/
NailArtIdeas.info|2|0|2013|36|0|-|registered|registered|available|available|7|5|Yesterday 15:39|available|https://www.expireddomains.net/goto/1/176cxd/489/
temisemplois.info|46.2 K|1|2010|8|0|-|available|available|available|available|0|-|Yesterday 15:39|available|https://www.expireddomains.net/goto/1/u1iu8/489/
nglgmwa.info|0|0|-|0|0|-|available|available|available|available|0|-|Yesterday 15:39|available|https://www.expireddomains.net/goto/1/ej2xlm/489/
mimuwww.info|0|0|-|0|0|-|available|available|available|available|0|-|Yesterday 15:39|available|https://www.expireddomains.net/goto/1/ej2xj1/489/
folmostpast.info|0|0|-|0|0|-|available|available|available|available|0|-|Yesterday 15:39|available|https://www.expireddomains.net/goto/1/eix8dc/489/
Com-Survey33.info|0|0|-|0|0|-|available|available|available|available|0|-|Yesterday 15:39|available|https://www.expireddomains.net/goto/1/eix83k/489/
bienetreiki.info|0|0|-|0|0|-|registered|registered|available|available|4|2|Yesterday 15:39|available|https://www.expireddomains.net/goto/1/eitrt9/489/
ytddai.info|0|0|-|0|0|-|available|available|available|available|0|-|Yesterday 15:39|available|https://www.expireddomains.net/goto/1/eipvi8/489/
pvfvfmi.info|0|0|-|0|0|-|available|available|available|available|0|-|Yesterday 15:39|available|https://www.expireddomains.net/goto/1/eipuwj/489/
punjabivigyan.info|0|0|-|0|0|-|available|available|available|available|0|-|Yesterday 15:39|available|https://www.expireddomains.net/goto/1/eipuwb/489/
pskuxpe.info|0|0|-|0|0|-|available|available|available|available|0|-|Yesterday 15:39|available|https://www.expireddomains.net/goto/1/eipuw2/489/
koxdw.info|0|0|-|0|0|-|available|available|available|available|0|-|Yesterday 15:39|available|https://www.expireddomains.net/goto/1/eipuer/489/
iuuolse.info|0|0|-|0|0|-|available|available|available|available|0|-|Yesterday 15:39|available|https://www.expireddomains.net/goto/1/eipuce/489/
iuolrtv.info|0|0|-|0|0|-|available|available|available|available|0|-|Yesterday 15:39|available|https://www.expireddomains.net/goto/1/eipucd/489/
dcxnaete.info|0|0|-|0|0|-|available|available|available|available|0|-|Yesterday 15:39|available|https://www.expireddomains.net/goto/1/eiptve/489/
bb92cee0ff1d.info|0|0|-|0|0|-|available|available|available|available|0|-|Yesterday 15:39|available|https://www.expireddomains.net/goto/1/eiptmm/489/
1215Greenwood.info|0|0|-|0|0|-|available|available|available|available|0|1|Yesterday 15:39|available|https://www.expireddomains.net/goto/1/eiptcx/489/
zxgdrb.info|0|0|-|0|0|-|available|available|available|available|0|-|Yesterday 15:39|available|https://www.expireddomains.net/goto/1/eim4t0/489/
EngineeringSciences.info|1|0|-|0|0|-|registered|available|available|registered|2|7|Yesterday 15:39|available|https://www.expireddomains.net/goto/1/cf5nyh/489/
rotam.info|5|0|2018|2|0|-|registered|registered|registered|registered|78|562|Yesterday 15:39|registered|
aids-infektion.info|0|0|-|0|0|-|available|available|available|available|0|-|Yesterday 15:39|available|https://www.expireddomains.net/goto/1/c4zyr0/489/
MarronRich.info|1|1|2018|1|0|-|available|available|available|available|2|-|Yesterday 15:39|available|https://www.expireddomains.net/goto/1/ahjp94/489/
WeAdorePets.info|0|0|-|0|0|-|registered|available|available|available|1|2|Yesterday 15:39|available|https://www.expireddomains.net/goto/1/9mq4gp/489/
gc62.info|0|49|2015|16|0|-|registered|available|available|available|1|22|Yesterday 15:39|available|https://www.expireddomains.net/goto/1/5fiz1l/489/
stalex.info|0|0|2017|7|0|-|registered|registered|registered|registered|36|159|Yesterday 15:39|available|https://www.expireddomains.net/goto/1/5epp8p/489/
gmks.info|0|0|2018|1|0|-|registered|registered|registered|registered|15|77|Yesterday 15:39|available|https://www.expireddomains.net/goto/1/1p7746/489/
hy-music.info|4|0|2010|30|0|-|registered|available|available|available|1|20|Yesterday 15:39|available|https://www.expireddomains.net/goto/1/xgb0d/489/
spazioaperto.info|7|1|2002|63|0|-|registered|available|registered|available|8|13|Yesterday 15:39|available|https://www.expireddomains.net/goto/1/wfz4p/489/
MissionsFest.info|0|1|2010|13|0|-|registered|registered|registered|available|4|15|Yesterday 15:39|available|https://www.expireddomains.net/goto/1/tuooq/489/
yashkapro.info|0|0|-|0|0|-|available|available|available|available|0|-|Yesterday 15:39|available|https://www.expireddomains.net/goto/1/ej2y9d/489/
mr-pps.info|0|0|-|0|0|-|available|available|available|available|0|-|Yesterday 15:39|available|https://www.expireddomains.net/goto/1/ej2xjz/489/
https-staemcommunity-corn.info|0|0|-|0|0|-|available|available|available|available|0|-|Yesterday 15:39|available|https://www.expireddomains.net/goto/1/eix8jk/489/
gyovanna.info|24|0|-|0|0|-|available|available|available|available|0|1|Yesterday 15:39|available|https://www.expireddomains.net/goto/1/eix8hi/489/
Com-Survey32.info|0|0|2019|76|0|-|available|available|available|available|0|-|Yesterday 15:39|available|https://www.expireddomains.net/goto/1/eix83j/489/
xeslesm.info|0|0|-|0|0|-|available|available|available|available|0|-|Yesterday 15:39|available|https://www.expireddomains.net/goto/1/eipvgl/489/
kuyku.info|0|0|-|0|0|-|registered|available|available|registered|2|8|Yesterday 15:39|available|https://www.expireddomains.net/goto/1/eipuf5/489/
jbigassbutholepie.info|0|0|-|0|0|-|available|available|available|available|0|-|Yesterday 15:39|available|https://www.expireddomains.net/goto/1/eipuco/489/
hfnlsrm.info|0|0|-|0|0|-|available|available|available|available|0|-|Yesterday 15:39|available|https://www.expireddomains.net/goto/1/eipu7x/489/
foundmoneyfor-u.info|0|0|-|0|0|-|available|available|available|available|0|-|Yesterday 15:39|available|https://www.expireddomains.net/goto/1/eipu3h/489/
be53aeff6761.info|0|0|-|0|0|-|available|available|available|available|0|-|Yesterday 15:39|available|https://www.expireddomains.net/goto/1/eiptmp/489/
bdwvj.info|0|0|-|0|0|-|available|available|available|available|0|-|Yesterday 15:39|available|https://www.expireddomains.net/goto/1/eiptmo/489/
acb047d386c5.info|0|0|-|0|0|-|available|available|available|available|0|-|Yesterday 15:39|available|https://www.expireddomains.net/goto/1/eipthg/489/
00dc73130548.info|0|0|-|0|0|-|available|available|available|available|0|-|Yesterday 15:39|available|https://www.expireddomains.net/goto/1/eiptcm/489/
OnlyProConexIons.info|0|0|2019|1|0|-|available|available|available|available|0|-|Yesterday 15:39|available|https://www.expireddomains.net/goto/1/eimsgg/489/
kxptjf.info|0|0|-|0|0|-|available|available|available|available|0|-|Yesterday 15:39|available|https://www.expireddomains.net/goto/1/eim3m8/489/
kurakrap.info|3|0|-|0|0|-|available|available|available|available|0|-|Yesterday 15:39|available|https://www.expireddomains.net/goto/1/eim3m2/489/
hrady.info|2|0|2004|21|0|-|registered|registered|available|available|8|109|Yesterday 15:39|available|https://www.expireddomains.net/goto/1/c5n38f/489/
IsraelNew.info|6|0|2015|28|0|-|registered|available|available|available|2|46|Yesterday 15:39|available|https://www.expireddomains.net/goto/1/5fmwvv/489/
Flash4Games.info|755|85|2012|29|0|-|registered|available|available|available|2|2|Yesterday 15:39|available|https://www.expireddomains.net/goto/1/3evyr1/489/
faov.info|0|0|2013|5|0|-|registered|available|registered|registered|6|24|Yesterday 15:39|available|https://www.expireddomains.net/goto/1/3epywl/489/
ExpressBlog.info|1|7|2014|1|0|-|registered|registered|available|registered|6|59|Yesterday 15:39|available|https://www.expireddomains.net/goto/1/zv8en/489/
npofunding.info|14|1|2009|16|0|-|registered|available|available|available|1|4|Yesterday 15:39|available|https://www.expireddomains.net/goto/1/v7iqn/489/
Html-Forms.info|531|2|2005|93|0|-|registered|registered|available|available|3|6|Yesterday 15:39|available|https://www.expireddomains.net/goto/1/ts63n/489/
Cap88.info|41|8|2006|19|0|-|registered|registered|available|available|11|19|Yesterday 15:39|available|https://www.expireddomains.net/goto/1/tn1hs/489/
centralni-vysavac.info|49|29|2005|43|0|-|registered|available|available|available|3|15|Yesterday 15:39|available|https://www.expireddomains.net/goto/1/tms5f/489/
CentroItaliano.info|88|3|2007|30|0|-|registered|registered|registered|registered|12|51|Yesterday 15:39|available|https://www.expireddomains.net/goto/1/tms0b/489/
MagiCog.info|0|0|-|0|0|-|registered|available|available|available|1|14|Yesterday 15:39|available|https://www.expireddomains.net/goto/1/ej2xgk/489/
burunow-stroi.info|0|0|-|0|0|-|available|available|available|available|0|-|Yesterday 15:39|available|https://www.expireddomains.net/goto/1/eix7zz/489/
xfohega.info|0|0|-|0|0|-|available|available|available|available|0|-|Yesterday 15:39|available|https://www.expireddomains.net/goto/1/eipvgn/489/
xesuoxic.info|0|0|-|0|0|-|available|available|available|available|0|-|Yesterday 15:39|available|https://www.expireddomains.net/goto/1/eipvgm/489/
PsychicJokes.info|0|0|-|0|0|-|registered|available|available|available|4|2|Yesterday 15:39|available|https://www.expireddomains.net/goto/1/eipuw5/489/
lxphxgmt.info|0|0|-|0|0|-|available|available|available|available|0|-|Yesterday 15:39|available|https://www.expireddomains.net/goto/1/eipuhj/489/
ksopv.info|0|0|-|0|0|-|available|available|available|available|0|-|Yesterday 15:39|available|https://www.expireddomains.net/goto/1/eipuf0/489/
ivcrlt.info|0|0|-|0|0|-|available|available|available|available|0|-|Yesterday 15:39|available|https://www.expireddomains.net/goto/1/eipucg/489/
benhin.info|0|0|-|0|0|-|registered|available|available|available|1|34|Yesterday 15:39|available|https://www.expireddomains.net/goto/1/eiptmy/489/
acrrole.info|0|0|-|0|0|-|available|available|available|available|0|-|Yesterday 15:39|available|https://www.expireddomains.net/goto/1/eipthl/489/
7bfa1284b674.info|0|0|-|0|0|-|available|available|available|available|0|-|Yesterday 15:39|available|https://www.expireddomains.net/goto/1/eiptg9/489/
038033111573.info|0|0|-|0|0|-|available|available|available|available|0|-|Yesterday 15:39|available|https://www.expireddomains.net/goto/1/eiptcn/489/
xirbdd.info|0|0|-|0|0|-|available|available|available|available|0|-|Yesterday 15:39|available|https://www.expireddomains.net/goto/1/eim4pb/489/
htfxpp.info|0|0|-|0|0|-|available|available|available|available|0|-|Yesterday 15:39|available|https://www.expireddomains.net/goto/1/eim3g6/489/
MyPetDeal.info|7|1|2017|8|0|-|registered|available|available|available|1|6|Yesterday 15:39|available|https://www.expireddomains.net/goto/1/afzyr1/489/
gwja.info|0|0|2018|1|0|-|registered|available|available|available|4|22|Yesterday 15:39|available|https://www.expireddomains.net/goto/1/afb3ej/489/
gameez.info|0|0|-|0|0|-|registered|available|available|available|5|18|Yesterday 15:39|available|https://www.expireddomains.net/goto/1/9rmt3l/489/
tetsuohta.info|1|1|2015|13|0|-|available|available|available|available|0|-|Yesterday 15:39|available|https://www.expireddomains.net/goto/1/5frja9/489/
RadioLive.info|0|0|2013|15|0|-|registered|registered|registered|registered|46|352|Yesterday 15:39|registered|
PageRankCheck.info|18|6|2005|134|0|-|registered|available|available|registered|9|10|Yesterday 15:39|available|https://www.expireddomains.net/goto/1/1r0a3u/489/
FriendshipForever.info|6|1|2011|92|0|-|registered|registered|registered|available|7|8|Yesterday 15:39|available|https://www.expireddomains.net/goto/1/1gpxv8/489/
Stella-Nova.info|3|2|2005|16|0|-|registered|registered|available|registered|10|6|Yesterday 15:39|available|https://www.expireddomains.net/goto/1/1049jb/489/
ThemeShop.info|8|0|2009|25|0|-|registered|registered|registered|registered|26|73|Yesterday 15:39|available|https://www.expireddomains.net/goto/1/1047z9/489/
Apply-Online-For-Credit-Cards-...info|21|12|2004|110|0|-|available|available|available|available|0|-|Yesterday 15:39|available|https://www.expireddomains.net/goto/1/102uxx/489/
ClimateJusticeNow.info|6|2|2016|3|0|-|registered|available|registered|available|4|4|Yesterday 15:39|available|https://www.expireddomains.net/goto/1/zc7ts/489/
pcpcatalunya.info|11|6|2007|39|0|-|available|available|available|available|0|-|Yesterday 15:39|available|https://www.expireddomains.net/goto/1/ty603/489/
lapietraverde.info|82|10|2008|35|0|-|registered|available|registered|available|2|5|Yesterday 15:39|available|https://www.expireddomains.net/goto/1/ttz9a/489/
jukislo.info|0|0|-|0|0|-|available|available|available|available|0|-|Yesterday 15:39|available|https://www.expireddomains.net/goto/1/ej2xch/489/
infinit-anabellka.info|0|0|-|0|0|-|available|available|available|available|0|-|Yesterday 15:39|available|https://www.expireddomains.net/goto/1/ej2xa9/489/
yitldae.info|0|0|-|0|0|-|available|available|available|available|0|-|Yesterday 15:39|available|https://www.expireddomains.net/goto/1/eipvhx/489/
lyieaon.info|0|0|-|0|0|-|available|available|available|available|0|-|Yesterday 15:39|available|https://www.expireddomains.net/goto/1/eipuhk/489/
hiepnv.info|0|0|-|0|0|-|registered|available|available|available|1|3|Yesterday 15:39|available|https://www.expireddomains.net/goto/1/eipu81/489/
hidnla.info|0|0|-|0|0|-|available|available|available|available|0|-|Yesterday 15:39|available|https://www.expireddomains.net/goto/1/eipu7z/489/
foundmoney-foru.info|0|0|-|0|0|-|available|available|available|available|0|-|Yesterday 15:39|available|https://www.expireddomains.net/goto/1/eipu3c/489/
aynxtkgt.info|0|0|-|0|0|-|available|available|available|available|0|-|Yesterday 15:39|available|https://www.expireddomains.net/goto/1/eiptm5/489/
acxoxne.info|0|0|-|0|0|-|available|available|available|available|0|-|Yesterday 15:39|available|https://www.expireddomains.net/goto/1/eipthq/489/
7c548df50640.info|0|0|-|0|0|-|available|available|available|available|0|-|Yesterday 15:39|available|https://www.expireddomains.net/goto/1/eiptga/489/
PlumbingExpertsNearMe.info|0|0|-|0|0|-|available|available|available|available|0|-|Yesterday 15:39|available|https://www.expireddomains.net/goto/1/eiiem9/489/
iphonemvno.info|0|0|-|0|0|-|available|available|available|available|0|-|Yesterday 15:39|available|https://www.expireddomains.net/goto/1/d37ddh/489/
online-zaim.info|2|0|2018|2|0|-|registered|available|available|available|13|5|Yesterday 15:39|available|https://www.expireddomains.net/goto/1/aorufk/489/
AsSoFitness.info|0|0|-|0|0|-|registered|registered|registered|available|4|8|Yesterday 15:39|available|https://www.expireddomains.net/goto/1/9s6chm/489/
UltraBookReviews.info|0|0|2013|14|0|-|registered|available|available|available|3|3|Yesterday 15:39|available|https://www.expireddomains.net/goto/1/29rbai/489/
andreaderosa.info|53.5 K|4|2013|20|0|Yes|registered|registered|registered|available|5|7|Yesterday 15:39|registered|
OracleInterviewQuestions.info|66.4 K|3|2012|69|0|-|available|available|available|available|0|-|Yesterday 15:39|available|https://www.expireddomains.net/goto/1/21ckyy/489/
Pictorial.info|0|0|2004|11|0|-|registered|registered|registered|registered|40|310|Yesterday 15:39|available|https://www.expireddomains.net/goto/1/104hvr/489/
Punters.info|0|0|2012|9|0|-|registered|registered|registered|registered|45|303|Yesterday 15:39|available|https://www.expireddomains.net/goto/1/104fs9/489/
tehnobeton.info|0|0|-|0|0|-|registered|available|available|available|5|2|Yesterday 15:39|available|https://www.expireddomains.net/goto/1/z9qs4/489/
By1.info|0|0|2004|17|0|-|registered|registered|registered|registered|32|-|Yesterday 15:39|available|https://www.expireddomains.net/goto/1/yffbf/489/
borisenko.info|0|0|2013|8|0|-|registered|registered|registered|registered|20|30|Yesterday 15:39|available|https://www.expireddomains.net/goto/1/ut7u3/489/
spitzmuehle.info|31|4|2007|18|0|-|registered|available|available|registered|3|3|Yesterday 15:39|available|https://www.expireddomains.net/goto/1/u0mwa/489/
sangredelsol.info|147|4|2006|59|0|-|registered|registered|registered|available|4|6|Yesterday 15:39|available|https://www.expireddomains.net/goto/1/tzw28/489/
kirchenlandkarte.info|0|1|2006|38|0|-|available|registered|available|registered|2|2|Yesterday 15:39|available|https://www.expireddomains.net/goto/1/tsqs5/489/
iklosmiol.info|0|0|-|0|0|-|available|available|available|available|0|-|Yesterday 15:39|available|https://www.expireddomains.net/goto/1/ej2x9y/489/
csgomagics-flip.info|0|0|-|0|0|-|available|available|available|available|0|-|Yesterday 15:39|available|https://www.expireddomains.net/goto/1/eix856/489/
yykqrl.info|0|0|-|0|0|-|available|available|available|available|0|-|Yesterday 15:39|available|https://www.expireddomains.net/goto/1/eipvie/489/
yhipf.info|0|0|-|0|0|-|available|available|available|available|0|1|Yesterday 15:39|available|https://www.expireddomains.net/goto/1/eipvhv/489/
lwgtkl.info|0|0|-|0|0|-|available|available|available|available|0|-|Yesterday 15:39|available|https://www.expireddomains.net/goto/1/eipuhi/489/
impotsgtaxe.info|0|0|-|0|0|-|available|available|available|available|0|-|Yesterday 15:39|available|https://www.expireddomains.net/goto/1/eipuaq/489/
hilbet2.info|0|0|-|0|0|-|available|available|available|available|2|1|Yesterday 15:39|available|https://www.expireddomains.net/goto/1/eipu84/489/
hilbet1.info|0|0|-|0|0|-|available|available|available|available|0|7|Yesterday 15:39|available|https://www.expireddomains.net/goto/1/eipu83/489/
Gold-Better.info|0|0|-|0|0|-|available|available|available|available|0|-|Yesterday 15:39|available|https://www.expireddomains.net/goto/1/eipu5y/489/
FoundMoney4You.info|0|0|-|0|0|-|available|registered|registered|available|2|4|Yesterday 15:39|available|https://www.expireddomains.net/goto/1/eipu3g/489/
FoundMoney-4-You.info|0|0|-|0|0|-|available|available|available|available|0|-|Yesterday 15:39|available|https://www.expireddomains.net/goto/1/eipu38/489/
CaptivatedBySound.info|0|0|-|0|0|-|available|available|available|available|0|-|Yesterday 15:39|available|https://www.expireddomains.net/goto/1/eiptpy/489/
btcworker.info|0|0|-|0|0|-|registered|registered|registered|available|5|8|Yesterday 15:39|available|https://www.expireddomains.net/goto/1/eiptoz/489/
8894dbdd3be9.info|0|0|-|0|0|-|available|available|available|available|0|-|Yesterday 15:39|available|https://www.expireddomains.net/goto/1/eiptgi/489/
jalenadams.info|0|0|-|0|0|-|registered|registered|available|available|2|-|Yesterday 15:39|available|https://www.expireddomains.net/goto/1/d37ddu/489/
zabavko.info|50.2 K|1|2020|1|0|-|registered|available|available|available|2|2|Yesterday 15:39|available|https://www.expireddomains.net/goto/1/ctmype/489/
GeometryDashLite.info|2|0|2020|2|0|-|registered|available|registered|available|2|5|Yesterday 15:39|available|https://www.expireddomains.net/goto/1/cth9fh/489/
TheIslamicSchools.info|0|0|-|0|0|-|registered|registered|available|available|2|2|Yesterday 15:39|available|https://www.expireddomains.net/goto/1/c6g84d/489/
fruits-aojiru.info|0|0|2016|4|0|-|registered|available|available|available|5|5|Yesterday 15:39|available|https://www.expireddomains.net/goto/1/c5hzir/489/
freshncold.info|0|0|2018|1|0|-|registered|registered|available|available|3|2|Yesterday 15:39|available|https://www.expireddomains.net/goto/1/c5hvjo/489/
DonnaWright.info|0|0|-|0|0|-|registered|registered|available|available|4|12|Yesterday 15:39|available|https://www.expireddomains.net/goto/1/a52elu/489/
hikkoshi-yasuku.info|0|0|-|0|0|-|available|available|available|available|0|1|Yesterday 15:39|available|https://www.expireddomains.net/goto/1/8ya98a/489/
ThroughTheMindIntoTheHeart.info|0|0|2018|1|0|-|registered|registered|available|available|2|-|Yesterday 15:39|available|https://www.expireddomains.net/goto/1/8xznn2/489/
semantic-cms.info|410|8|2011|60|0|-|available|available|available|available|0|-|Yesterday 15:39|available|https://www.expireddomains.net/goto/1/1t0x3m/489/
StudentWorld.info|0|0|2011|3|0|-|registered|registered|registered|registered|27|35|Yesterday 15:39|available|https://www.expireddomains.net/goto/1/104997/489/
Spatial-Modelling.info|131|11|2004|62|0|-|available|available|available|available|0|-|Yesterday 15:39|available|https://www.expireddomains.net/goto/1/u0onv/489/
Geo-Maps.info|2|2|2013|16|0|-|registered|registered|available|registered|6|4|Yesterday 15:39|available|https://www.expireddomains.net/goto/1/tq5sd/489/
baiyuyl.info|0|0|-|0|0|-|registered|registered|available|available|3|4|Yesterday 15:39|available|https://www.expireddomains.net/goto/1/gzf0mw/489/
advhotels.info|0|0|-|0|0|-|registered|registered|available|available|4|4|Yesterday 15:39|available|https://www.expireddomains.net/goto/1/ejkass/489/
Mix-Cups.info|0|0|-|0|0|-|available|available|available|available|0|-|Yesterday 15:39|available|https://www.expireddomains.net/goto/1/ej2xjb/489/
mastergift-card-1k.info|0|0|-|0|0|-|available|available|available|available|0|-|Yesterday 15:39|available|https://www.expireddomains.net/goto/1/eipuih/489/
master-giftcard1k.info|0|0|-|0|0|-|available|available|available|available|0|-|Yesterday 15:39|available|https://www.expireddomains.net/goto/1/eipuig/489/
ImpMailing.info|0|0|-|0|0|-|available|available|available|available|0|-|Yesterday 15:39|available|https://www.expireddomains.net/goto/1/eipuao/489/
iiytlxl.info|0|0|-|0|0|-|available|available|available|available|0|-|Yesterday 15:39|available|https://www.expireddomains.net/goto/1/eipuaf/489/
iiexhhio.info|0|0|-|0|0|-|available|available|available|available|0|-|Yesterday 15:39|available|https://www.expireddomains.net/goto/1/eipuad/489/
iedocye.info|0|0|-|0|0|-|available|available|available|available|0|-|Yesterday 15:39|available|https://www.expireddomains.net/goto/1/eipua1/489/
goldcard-ac.info|0|0|-|0|0|-|available|available|available|available|0|-|Yesterday 15:39|available|https://www.expireddomains.net/goto/1/eipu60/489/
8lesssction.info|0|0|-|0|0|-|available|available|available|available|0|-|Yesterday 15:39|available|https://www.expireddomains.net/goto/1/eiptgk/489/
869Tamarack.info|0|0|-|0|0|-|available|available|available|available|0|-|Yesterday 15:39|available|https://www.expireddomains.net/goto/1/eiptgg/489/
JesuSisWaiting.info|0|0|-|0|0|-|registered|available|available|available|1|3|Yesterday 15:39|available|https://www.expireddomains.net/goto/1/eim3jr/489/
Demo-WebQuangngai.info|61|3|-|0|0|-|available|available|available|available|0|-|Yesterday 15:39|available|https://www.expireddomains.net/goto/1/ctmx51/489/
tidstyv.info|0|0|2018|1|0|-|registered|available|available|available|2|3|Yesterday 15:39|available|https://www.expireddomains.net/goto/1/c6gwax/489/
TheStudentLoop.info|0|0|2018|1|0|-|registered|available|available|available|1|2|Yesterday 15:39|available|https://www.expireddomains.net/goto/1/c6gl3s/489/
SelectedHighlights.info|0|0|2018|1|0|-|registered|available|available|available|1|-|Yesterday 15:39|available|https://www.expireddomains.net/goto/1/c6aqk1/489/
gojibogyo.info|0|0|2016|11|0|-|registered|registered|available|available|4|4|Yesterday 15:39|available|https://www.expireddomains.net/goto/1/c5jr4n/489/
fotomessaging.info|0|0|2018|2|0|-|registered|registered|available|available|2|2|Yesterday 15:39|available|https://www.expireddomains.net/goto/1/c5hkl6/489/
PornGay.info|0|0|2013|10|0|-|registered|registered|registered|registered|22|85|Yesterday 15:39|available|https://www.expireddomains.net/goto/1/5b1qsh/489/
flupirtine.info|0|0|2010|14|0|-|registered|registered|registered|registered|6|6|Yesterday 15:39|available|https://www.expireddomains.net/goto/1/370ytx/489/
forever-maroc.info|29|53|2011|82|0|-|registered|available|available|available|4|2|Yesterday 15:39|available|https://www.expireddomains.net/goto/1/2f1i4s/489/
nikic.info|2|0|2004|33|0|-|registered|registered|available|registered|14|243|Yesterday 15:39|available|https://www.expireddomains.net/goto/1/2b37lh/489/
kuin.info|21|13|2003|53|0|-|registered|registered|available|registered|19|1.2 K|Yesterday 15:39|available|https://www.expireddomains.net/goto/1/1yffbq/489/
bbq-grilovani.info|334|5|2010|39|0|-|available|available|available|available|0|-|Yesterday 15:39|available|https://www.expireddomains.net/goto/1/12ut47/489/
TheTechFest.info|73.1 K|1|2010|47|0|-|registered|available|available|available|1|2|Yesterday 15:39|available|https://www.expireddomains.net/goto/1/wxbjs/489/
lidibeg.info|0|0|-|0|0|-|available|available|available|available|0|-|Yesterday 15:39|available|https://www.expireddomains.net/goto/1/ej2xf7/489/
